{
    "SX1301_conf": {
        "lorawan_public": true,
        "clksrc": 1, /* radio_1 provides clock to concentrator */
        "lbt_cfg": {
            "enable": false,
            "rssi_target": 160, /* rssi in dBm = -lbt_rssi_target/2 */
            "nb_channel": 1,
            "start_freq": 869525000,
            "scan_time_us": 5000,
            "tx_delay_1ch_us": 4000000,
            "tx_delay_2ch_us": 4000000
        },
        "antenna_gain": 0, /* antenna gain, in dBi */
        "radio_0": {
            "enable": true,
            "type": "SX1257",
            "freq": 867500000,
            "rssi_offset": -165.0,
            "tx_enable": true,
            "tx_freq_min": 863000000,
            "tx_freq_max": 870000000
        },
        "radio_1": {
            "enable": true,
            "type": "SX1257",
            "freq": 868500000,
            "rssi_offset": -165.0,
            "tx_enable": false
        },
        "chan_multiSF_0": { "enable": true, "radio": 1, "if": -400000 },
        "chan_multiSF_1": { "enable": true, "radio": 1, "if": -200000 },
        "chan_multiSF_2": { "enable": true, "radio": 1, "if": 0 },
        "chan_multiSF_3": { "enable": true, "radio": 0, "if": -400000 },
        "chan_multiSF_4": { "enable": true, "radio": 0, "if": -200000 },
        "chan_multiSF_5": { "enable": true, "radio": 0, "if": 0 },
        "chan_multiSF_6": { "enable": true, "radio": 0, "if": 200000 },
        "chan_multiSF_7": { "enable": true, "radio": 0, "if": 400000 },
        "chan_Lora_std":  { "enable": true, "radio": 1, "if": -200000, "bandwidth": 250000, "spread_factor": 7 },
        "chan_FSK":       { "enable": true, "radio": 1, "if": 300000, "bandwidth": 125000, "datarate": 50000 },
        "tx_lut_0":  { "rf_power": -6, "dig_gain": 0, "mix_gain": 8,  "pa_gain": 0 },
        "tx_lut_1":  { "rf_power": -3, "dig_gain": 0, "mix_gain": 10, "pa_gain": 0 },
        "tx_lut_2":  { "rf_power": 0,  "dig_gain": 0, "mix_gain": 12, "pa_gain": 0 },
        "tx_lut_3":  { "rf_power": 3,  "dig_gain": 0, "mix_gain": 8,  "pa_gain": 1 },
        "tx_lut_4":  { "rf_power": 6,  "dig_gain": 0, "mix_gain": 10, "pa_gain": 1 },
        "tx_lut_5":  { "rf_power": 10, "dig_gain": 0, "mix_gain": 12, "pa_gain": 1 },
        "tx_lut_6":  { "rf_power": 11, "dig_gain": 0, "mix_gain": 13, "pa_gain": 1 },
        "tx_lut_7":  { "rf_power": 12, "dig_gain": 0, "mix_gain": 9,  "pa_gain": 2 },
        "tx_lut_8":  { "rf_power": 13, "dig_gain": 0, "mix_gain": 15, "pa_gain": 1 },
        "tx_lut_9":  { "rf_power": 14, "dig_gain": 0, "mix_gain": 10, "pa_gain": 2 },
        "tx_lut_10": { "rf_power": 16, "dig_gain": 0, "mix_gain": 11, "pa_gain": 2 },
        "tx_lut_11": { "rf_power": 20, "dig_gain": 0, "mix_gain": 9,  "pa_gain": 3 },
        "tx_lut_12": { "rf_power": 23, "dig_gain": 0, "mix_gain": 10, "pa_gain": 3 },
        "tx_lut_13": { "rf_power": 25, "dig_gain": 0, "mix_gain": 11, "pa_gain": 3 },
        "tx_lut_14": { "rf_power": 26, "dig_gain": 0, "mix_gain": 12, "pa_gain": 3 },
        "tx_lut_15": { "rf_power": 27, "dig_gain": 0, "mix_gain": 14, "pa_gain": 3 }
    },

    "gateway_conf": {
        "gateway_ID": "AA555A0000000000",
        /* change with default server address/ports, or overwrite in local_conf.json */
        "server_address": "localhost",
        "serv_port_up": 1680,
        "serv_port_down": 1680,
        /* adjust the following parameters for your network */
        "keepalive_interval": 10,
        "stat_interval": 30,
        "push_timeout_ms": 100,
        /* forward only valid packets */
        "forward_crc_valid": true,
        "forward_crc_error": false,
        "forward_crc_disabled": false,
        /* GPS configuration */
        /* GPS reference coordinates */
        "gps_tty_path": "/dev/ttyAMA0",
        "fake_gps": false,
        "ref_latitude": 0.0,
        "ref_longitude": 0.0,
        "ref_altitude": 0,
        /* Beaconing parameters */
        "beacon_period": 128,
        "beacon_freq_hz": 869525000
    }
}

