{
    // supports only ABP mote
    "band": "EU868",
    "auto_creat_mote": true,

    "default_keys":{
        "nwkskey":"2B7E151628AED2A6ABF7158809CF4F3C",
        "appskey":"2B7E151628AED2A6ABF7158809CF4F3C",
        "appkey":"2B7E151628AED2A6ABF7158809CF4F3C"
    },

    "abp":[
        { "devaddr":"00000001", "nwkskey":"2B7E151628AED2A6ABF7158809CF4F3C", "appskey":"2B7E151628AED2A6ABF7158809CF4F3C" },
        { "devaddr":"00000002", "nwkskey":"2B7E151628AED2A6ABF7158809CF4F3C", "appskey":"2B7E151628AED2A6ABF7158809CF4F3C" },
        { "devaddr":"00000003", "nwkskey":"2B7E151628AED2A6ABF7158809CF4F3C", "appskey":"2B7E151628AED2A6ABF7158809CF4F3C" }
    ],

    "otaa":[
        { "appeui": "8600000000000001", "deveui": "8600000000000001", "appkey": "2B7E151628AED2A6ABF7158809CF4F3C" },
        { "appeui": "8600000000000022", "deveui": "8600000000000002", "appkey": "2B7E151628AED2A6ABF7158809CF4F3C" },
        { "appeui": "8600000000000033", "deveui": "8600000000000003", "appkey": "2B7E151628AED2A6ABF7158809CF4F3C" }
    ]
}
